textid,metaphor_tagged_text_with_type,metaphor_tagged_text,plain
01416172-90B0-45BE-9AD6-98D11F6427D0," "" <node type=""Creative Use of Metaphor"">something is fishy in the state of universal</node> . "" 

about ten years back , with the unexpected success of mad max and the road warrior , post-apocalypse nitty-gritty survival <node type=""Conventional Metaphor"">yarns</node> became popular at the movies . 

we've always had movies of this nature ; on the beach , the end of the world , damnation alley , the ultimate warrior , and so on . 

to date , the most <node type=""Conventional Metaphor"">smoothly</node> done were straightforward "" <node type=""Conventional Metaphor"">haircuts</node> "" of the classic western plot , like the lone gunman who comes to town and protects the widow and the son against an evil organization , usually one in possession of some critical resource , like water , feed range , or a mining claim . 

most of these <node type=""Conventional Metaphor"">grew out</node> of venerable , but <node type=""Conventional Metaphor"">solid</node> hero <node type=""Conventional Metaphor"">yarns</node> like the virginian and shane . 

 ( my personal favorite is a patrick swayze movie called steel dawn , which was fairly well made on a small budget . ) 

now we have waterworld , which again brings the traditional lone gunman to town to rescue the young widow and her daughter . 

 ( well , she's not a widow , and the kid isn't her daughter , but you get the idea . ) 

the lady is helen , played by the stunning jean tripplehorn , who isn't given a chance to be stunning , or even interesting , by the mediocre and unimaginative script . 

the child enola , played by tina majorino , is living proof that a child actor need not be a bad thing to have in a movie ; she <node type=""Conventional Metaphor"">outshines</node> her <node type=""Conventional Metaphor"">material</node> all the way through . 

in simple , the scene is earth , hundreds of years from now . 

the polar ice caps have melted , and somehow produced enough water to inundate the entire planet . 

the few remaining people live in boats and floating colonies , and survive by trade , theft , or piracy . 

somehow an oil tanker has survived the centuries , and its inhabitants , called "" smokers , "" are able to keep gasoline engines running despite the dearth of replacement parts and raw materials , so the bad guys have outboard engines , and fast-moving boats , airplanes , and jet skis . 

enola , found at sea as a young girl , has a mysterious map no one can read tattooed on her back . 

we suspect early on that it is the way to the mythical "" dryland , "" the place where trees , crops , and animals grow , and what plot there is <node type=""Conventional Metaphor"">hinges on</node> who has enola . 

the psycho ruler of the smokers , the "" deacon , "" is trying to get her and find his way to dryland . 

played with typical self-lampooning , <node type=""Conventional Metaphor"">rug-chewing</node> histrionics by dennis hopper , "" deacon "" is the only thing in the movie that's close to amusing . 

his performance is * almost * laughable , but there just isn't enough there to be funny . 

the star ( and a co-producer ) is kevin costner . 

he's playing an un-named lone denizen of the sea , a man called the "" mariner , "" who turns out to be a gilled , water-breathing mutant with webbed feet . 

very little is done with this . 

the script ignores the ineffectuality of gills in supplying enough oxygen to <node type=""Conventional Metaphor"">support</node> a human metabolism ; it ignores the fact that even with both ice caps completely melted , much of the earth's surface would still be above water ; and it ignores the blatant impossibility of the cultures and technology shown . 

 ( canned meat does * not * last for centuries ; ammunition does * not * fire after it's more than a few decades old ; and so on , and so on . . . ) 

i'm quite fond of tina majorino's previous work , very impressed by jean tripplehorn's past accomplishments , and still speechless over costner's dances with wolves . 

but this movie could destroy the careers of anyone associated with it ! 

this movie cost one hundred and eighty-two million dollars , and there's * nothing * in it we haven't seen before , done better on only a few percent of the cost of this turkey . 

at 125 minutes of <node type=""Conventional Metaphor"">material</node> , this movie cost over one point four million dollars per minute to make . 

the budget of this movie * could * have given us over thirty movies ; it could have paid for six years of a prime-time sf tv series with expensive fx work , or ten years of an sf tv series with good digital fx . 

in sum , this movie is beneath contempt . 

it has nothing new to offer , it has a script that could easily have been bettered by the people who write comic books for dc , and it spent more money than the national budget of a small nation . 

if you * have * to go see it , see it on a four-dollar matinee . 

otherwise you'll find yourself sneering at you every time you pass a reflective surface , for weeks . 

"," "" <Metaphor> something is fishy in the state of universal </Metaphor> . "" 

about ten years back , with the unexpected success of mad max and the road warrior , post-apocalypse nitty-gritty survival <Metaphor> yarns </Metaphor> became popular at the movies . 

we've always had movies of this nature ; on the beach , the end of the world , damnation alley , the ultimate warrior , and so on . 

to date , the most <Metaphor> smoothly </Metaphor> done were straightforward "" <Metaphor> haircuts </Metaphor> "" of the classic western plot , like the lone gunman who comes to town and protects the widow and the son against an evil organization , usually one in possession of some critical resource , like water , feed range , or a mining claim . 

most of these <Metaphor> grew out </Metaphor> of venerable , but <Metaphor> solid </Metaphor> hero <Metaphor> yarns </Metaphor> like the virginian and shane . 

 ( my personal favorite is a patrick swayze movie called steel dawn , which was fairly well made on a small budget . ) 

now we have waterworld , which again brings the traditional lone gunman to town to rescue the young widow and her daughter . 

 ( well , she's not a widow , and the kid isn't her daughter , but you get the idea . ) 

the lady is helen , played by the stunning jean tripplehorn , who isn't given a chance to be stunning , or even interesting , by the mediocre and unimaginative script . 

the child enola , played by tina majorino , is living proof that a child actor need not be a bad thing to have in a movie ; she <Metaphor> outshines </Metaphor> her <Metaphor> material </Metaphor> all the way through . 

in simple , the scene is earth , hundreds of years from now . 

the polar ice caps have melted , and somehow produced enough water to inundate the entire planet . 

the few remaining people live in boats and floating colonies , and survive by trade , theft , or piracy . 

somehow an oil tanker has survived the centuries , and its inhabitants , called "" smokers , "" are able to keep gasoline engines running despite the dearth of replacement parts and raw materials , so the bad guys have outboard engines , and fast-moving boats , airplanes , and jet skis . 

enola , found at sea as a young girl , has a mysterious map no one can read tattooed on her back . 

we suspect early on that it is the way to the mythical "" dryland , "" the place where trees , crops , and animals grow , and what plot there is <Metaphor> hinges on </Metaphor> who has enola . 

the psycho ruler of the smokers , the "" deacon , "" is trying to get her and find his way to dryland . 

played with typical self-lampooning , <Metaphor> rug-chewing </Metaphor> histrionics by dennis hopper , "" deacon "" is the only thing in the movie that's close to amusing . 

his performance is * almost * laughable , but there just isn't enough there to be funny . 

the star ( and a co-producer ) is kevin costner . 

he's playing an un-named lone denizen of the sea , a man called the "" mariner , "" who turns out to be a gilled , water-breathing mutant with webbed feet . 

very little is done with this . 

the script ignores the ineffectuality of gills in supplying enough oxygen to <Metaphor> support </Metaphor> a human metabolism ; it ignores the fact that even with both ice caps completely melted , much of the earth's surface would still be above water ; and it ignores the blatant impossibility of the cultures and technology shown . 

 ( canned meat does * not * last for centuries ; ammunition does * not * fire after it's more than a few decades old ; and so on , and so on . . . ) 

i'm quite fond of tina majorino's previous work , very impressed by jean tripplehorn's past accomplishments , and still speechless over costner's dances with wolves . 

but this movie could destroy the careers of anyone associated with it ! 

this movie cost one hundred and eighty-two million dollars , and there's * nothing * in it we haven't seen before , done better on only a few percent of the cost of this turkey . 

at 125 minutes of <Metaphor> material </Metaphor> , this movie cost over one point four million dollars per minute to make . 

the budget of this movie * could * have given us over thirty movies ; it could have paid for six years of a prime-time sf tv series with expensive fx work , or ten years of an sf tv series with good digital fx . 

in sum , this movie is beneath contempt . 

it has nothing new to offer , it has a script that could easily have been bettered by the people who write comic books for dc , and it spent more money than the national budget of a small nation . 

if you * have * to go see it , see it on a four-dollar matinee . 

otherwise you'll find yourself sneering at you every time you pass a reflective surface , for weeks . 

"," "" something is fishy in the state of universal . "" 

about ten years back , with the unexpected success of mad max and the road warrior , post-apocalypse nitty-gritty survival yarns became popular at the movies . 

we've always had movies of this nature ; on the beach , the end of the world , damnation alley , the ultimate warrior , and so on . 

to date , the most smoothly done were straightforward "" haircuts "" of the classic western plot , like the lone gunman who comes to town and protects the widow and the son against an evil organization , usually one in possession of some critical resource , like water , feed range , or a mining claim . 

most of these grew out of venerable , but solid hero yarns like the virginian and shane . 

 ( my personal favorite is a patrick swayze movie called steel dawn , which was fairly well made on a small budget . ) 

now we have waterworld , which again brings the traditional lone gunman to town to rescue the young widow and her daughter . 

 ( well , she's not a widow , and the kid isn't her daughter , but you get the idea . ) 

the lady is helen , played by the stunning jean tripplehorn , who isn't given a chance to be stunning , or even interesting , by the mediocre and unimaginative script . 

the child enola , played by tina majorino , is living proof that a child actor need not be a bad thing to have in a movie ; she outshines her material all the way through . 

in simple , the scene is earth , hundreds of years from now . 

the polar ice caps have melted , and somehow produced enough water to inundate the entire planet . 

the few remaining people live in boats and floating colonies , and survive by trade , theft , or piracy . 

somehow an oil tanker has survived the centuries , and its inhabitants , called "" smokers , "" are able to keep gasoline engines running despite the dearth of replacement parts and raw materials , so the bad guys have outboard engines , and fast-moving boats , airplanes , and jet skis . 

enola , found at sea as a young girl , has a mysterious map no one can read tattooed on her back . 

we suspect early on that it is the way to the mythical "" dryland , "" the place where trees , crops , and animals grow , and what plot there is hinges on who has enola . 

the psycho ruler of the smokers , the "" deacon , "" is trying to get her and find his way to dryland . 

played with typical self-lampooning , rug-chewing histrionics by dennis hopper , "" deacon "" is the only thing in the movie that's close to amusing . 

his performance is * almost * laughable , but there just isn't enough there to be funny . 

the star ( and a co-producer ) is kevin costner . 

he's playing an un-named lone denizen of the sea , a man called the "" mariner , "" who turns out to be a gilled , water-breathing mutant with webbed feet . 

very little is done with this . 

the script ignores the ineffectuality of gills in supplying enough oxygen to support a human metabolism ; it ignores the fact that even with both ice caps completely melted , much of the earth's surface would still be above water ; and it ignores the blatant impossibility of the cultures and technology shown . 

 ( canned meat does * not * last for centuries ; ammunition does * not * fire after it's more than a few decades old ; and so on , and so on . . . ) 

i'm quite fond of tina majorino's previous work , very impressed by jean tripplehorn's past accomplishments , and still speechless over costner's dances with wolves . 

but this movie could destroy the careers of anyone associated with it ! 

this movie cost one hundred and eighty-two million dollars , and there's * nothing * in it we haven't seen before , done better on only a few percent of the cost of this turkey . 

at 125 minutes of material , this movie cost over one point four million dollars per minute to make . 

the budget of this movie * could * have given us over thirty movies ; it could have paid for six years of a prime-time sf tv series with expensive fx work , or ten years of an sf tv series with good digital fx . 

in sum , this movie is beneath contempt . 

it has nothing new to offer , it has a script that could easily have been bettered by the people who write comic books for dc , and it spent more money than the national budget of a small nation . 

if you * have * to go see it , see it on a four-dollar matinee . 

otherwise you'll find yourself sneering at you every time you pass a reflective surface , for weeks . 

"
0412B4C0-D6A7-4420-9BD6-98D139DCF798,"aggressive , <node type=""Conventional Metaphor"">bleak</node> , and unrelenting film about an interracial couple , steve and sam ( damon jones and elexa williams respectively ) , who are viciously attacked in a parking garage one night by a gang of skinheads . 

the skinheads beat steve , then force him to watch as they brutally rape his girlfriend over and over again . 

when sam kills herself later that evening , steve decides that the skinheads must be <node type=""Conventional Metaphor"">taught a lesson</node> . 

waiting seven months for the thuggish skinheads to forget about the incident entirely , steve shaves his head , dresses in combat boots and suspenders , tattoos his flesh with nazi symbols , and tries to infiltrate the gang . 

as he gets closer and closer to the people who committed the horrible crime against his girlfriend , he begins to learn just how vicious these people really are and starts to question his own motives for violence . 

randolph kret's script , based on two real life incidents that affected not only his life but the life of the film's producer shaun hill , is an <node type=""Conventional Metaphor"">affront</node> on violence and intolerance . 

the film causes its audience to be subjected to such brutality and ignorance that one can't help but be disgusted by the events presented within . 

i've seen it said that this is the film fight club should have been , but david fincher's film was trying to <node type=""Conventional Metaphor"">define</node> a generation . 

kret's film is a <node type=""Conventional Metaphor"">wake up call</node> to a generation and his message is a <node type=""Conventional Metaphor"">powerful</node> one . 

if fincher is the kubrick of our generation , then kret is our d . w . 

griffith ( thematically speaking ) . 

there is not a single likable character in the film . 

the skinheads are obviously the most <node type=""Conventional Metaphor"">repulsive</node> characters in the film , not only because of their beliefs but because they are in a constant state of fury ( not just against other races but within their own circles ) . 

the african-american characters in the film are constantly shown as sexually assaulting drug abusers who are always on a joyride looking for someone to accost . 

even gay men get in on the act , locating the skinheads' <node type=""Conventional Metaphor"">lair</node> and beating them severely with lead pipes and other blunt objects . 

the main character steve is also unlikable because of the person he becomes just to seek out revenge . 

what all of this comes down to is the simple message that violence <node type=""Conventional Metaphor"">begets</node> violence , and the constant <node type=""Conventional Metaphor"">clashes</node> between factions will do nothing but continue the <node type=""Conventional Metaphor"">endless cycle of violence</node> inherent in our society . 

the cast of this film is absolutely remarkable . 

damon jones shows a <node type=""Conventional Metaphor"">raw</node> energy that many actors can't seem to <node type=""Conventional Metaphor"">summon</node> these days and his performance seems nothing less than <node type=""Conventional Metaphor"">powerful</node> . 

his initial reaction to hearing about his girlfriend's suicide is one of the most affecting scenes i have ever seen in a film . 

david lee wilson , who plays ( appropriately enough ) david lee is accurately evil as the second in command skinhead who also makes extra money performing oral sex on other men ( an irony that seems lost on the other skinheads ) . 

<node type=""Conventional Metaphor"">wilson's character is pure hatred</node> and he <node type=""Conventional Metaphor"">brings out</node> this hate perfectly . 

sadly , actor dave ward , who portrays the character of crew , will not be able to <node type=""Conventional Metaphor"">follow up</node> his excellent performance as he was the victim of a vicious act of violence himself at the hands of a fellow actor during an incident of road rage . 

ward showed <node type=""Conventional Metaphor"">immense</node> promise and he will be greatly missed . 

note : it is a shame that the filmmakers had to add a disclaimer to the end of the film stating that neither they nor the musicians contributing music for the film condone racism . 

the message about hatred couldn't be <node type=""Conventional Metaphor"">spelled out any more clearly</node> than it is here , but there are those who would probably find this film much more akin to a training video than a condemnation . 

there are no "" winners "" at the end of this film either . 

no character gets his or her comeuppance and the ending <node type=""Conventional Metaphor"">leaves us almost right where we began</node> . 

where american history x had redemption for most of its characters , no such victories are in store for pariah's band of <node type=""Conventional Metaphor"">twisted</node> souls . 

it is this <node type=""Conventional Metaphor"">bleak</node> ending that <node type=""Conventional Metaphor"">carries</node> the film's most <node type=""Conventional Metaphor"">powerful</node> message : the message that , despite what you may be able to momentarily do to <node type=""Conventional Metaphor"">put your own mind to rest</node> , evil will still be with us ( and in many forms ) and there is very little than can be done to eradicate it entirely . 

","aggressive , <Metaphor> bleak </Metaphor> , and unrelenting film about an interracial couple , steve and sam ( damon jones and elexa williams respectively ) , who are viciously attacked in a parking garage one night by a gang of skinheads . 

the skinheads beat steve , then force him to watch as they brutally rape his girlfriend over and over again . 

when sam kills herself later that evening , steve decides that the skinheads must be <Metaphor> taught a lesson </Metaphor> . 

waiting seven months for the thuggish skinheads to forget about the incident entirely , steve shaves his head , dresses in combat boots and suspenders , tattoos his flesh with nazi symbols , and tries to infiltrate the gang . 

as he gets closer and closer to the people who committed the horrible crime against his girlfriend , he begins to learn just how vicious these people really are and starts to question his own motives for violence . 

randolph kret's script , based on two real life incidents that affected not only his life but the life of the film's producer shaun hill , is an <Metaphor> affront </Metaphor> on violence and intolerance . 

the film causes its audience to be subjected to such brutality and ignorance that one can't help but be disgusted by the events presented within . 

i've seen it said that this is the film fight club should have been , but david fincher's film was trying to <Metaphor> define </Metaphor> a generation . 

kret's film is a <Metaphor> wake up call </Metaphor> to a generation and his message is a <Metaphor> powerful </Metaphor> one . 

if fincher is the kubrick of our generation , then kret is our d . w . 

griffith ( thematically speaking ) . 

there is not a single likable character in the film . 

the skinheads are obviously the most <Metaphor> repulsive </Metaphor> characters in the film , not only because of their beliefs but because they are in a constant state of fury ( not just against other races but within their own circles ) . 

the african-american characters in the film are constantly shown as sexually assaulting drug abusers who are always on a joyride looking for someone to accost . 

even gay men get in on the act , locating the skinheads' <Metaphor> lair </Metaphor> and beating them severely with lead pipes and other blunt objects . 

the main character steve is also unlikable because of the person he becomes just to seek out revenge . 

what all of this comes down to is the simple message that violence <Metaphor> begets </Metaphor> violence , and the constant <Metaphor> clashes </Metaphor> between factions will do nothing but continue the <Metaphor> endless cycle of violence </Metaphor> inherent in our society . 

the cast of this film is absolutely remarkable . 

damon jones shows a <Metaphor> raw </Metaphor> energy that many actors can't seem to <Metaphor> summon </Metaphor> these days and his performance seems nothing less than <Metaphor> powerful </Metaphor> . 

his initial reaction to hearing about his girlfriend's suicide is one of the most affecting scenes i have ever seen in a film . 

david lee wilson , who plays ( appropriately enough ) david lee is accurately evil as the second in command skinhead who also makes extra money performing oral sex on other men ( an irony that seems lost on the other skinheads ) . 

 <Metaphor> wilson's character is pure hatred </Metaphor> and he <Metaphor> brings out </Metaphor> this hate perfectly . 

sadly , actor dave ward , who portrays the character of crew , will not be able to <Metaphor> follow up </Metaphor> his excellent performance as he was the victim of a vicious act of violence himself at the hands of a fellow actor during an incident of road rage . 

ward showed <Metaphor> immense </Metaphor> promise and he will be greatly missed . 

note : it is a shame that the filmmakers had to add a disclaimer to the end of the film stating that neither they nor the musicians contributing music for the film condone racism . 

the message about hatred couldn't be <Metaphor> spelled out any more clearly </Metaphor> than it is here , but there are those who would probably find this film much more akin to a training video than a condemnation . 

there are no "" winners "" at the end of this film either . 

no character gets his or her comeuppance and the ending <Metaphor> leaves us almost right where we began </Metaphor> . 

where american history x had redemption for most of its characters , no such victories are in store for pariah's band of <Metaphor> twisted </Metaphor> souls . 

it is this <Metaphor> bleak </Metaphor> ending that <Metaphor> carries </Metaphor> the film's most <Metaphor> powerful </Metaphor> message : the message that , despite what you may be able to momentarily do to <Metaphor> put your own mind to rest </Metaphor> , evil will still be with us ( and in many forms ) and there is very little than can be done to eradicate it entirely . 

","aggressive , bleak , and unrelenting film about an interracial couple , steve and sam ( damon jones and elexa williams respectively ) , who are viciously attacked in a parking garage one night by a gang of skinheads . 

the skinheads beat steve , then force him to watch as they brutally rape his girlfriend over and over again . 

when sam kills herself later that evening , steve decides that the skinheads must be taught a lesson . 

waiting seven months for the thuggish skinheads to forget about the incident entirely , steve shaves his head , dresses in combat boots and suspenders , tattoos his flesh with nazi symbols , and tries to infiltrate the gang . 

as he gets closer and closer to the people who committed the horrible crime against his girlfriend , he begins to learn just how vicious these people really are and starts to question his own motives for violence . 

randolph kret's script , based on two real life incidents that affected not only his life but the life of the film's producer shaun hill , is an affront on violence and intolerance . 

the film causes its audience to be subjected to such brutality and ignorance that one can't help but be disgusted by the events presented within . 

i've seen it said that this is the film fight club should have been , but david fincher's film was trying to define a generation . 

kret's film is a wake up call to a generation and his message is a powerful one . 

if fincher is the kubrick of our generation , then kret is our d . w . 

griffith ( thematically speaking ) . 

there is not a single likable character in the film . 

the skinheads are obviously the most repulsive characters in the film , not only because of their beliefs but because they are in a constant state of fury ( not just against other races but within their own circles ) . 

the african-american characters in the film are constantly shown as sexually assaulting drug abusers who are always on a joyride looking for someone to accost . 

even gay men get in on the act , locating the skinheads' lair and beating them severely with lead pipes and other blunt objects . 

the main character steve is also unlikable because of the person he becomes just to seek out revenge . 

what all of this comes down to is the simple message that violence begets violence , and the constant clashes between factions will do nothing but continue the endless cycle of violence inherent in our society . 

the cast of this film is absolutely remarkable . 

damon jones shows a raw energy that many actors can't seem to summon these days and his performance seems nothing less than powerful . 

his initial reaction to hearing about his girlfriend's suicide is one of the most affecting scenes i have ever seen in a film . 

david lee wilson , who plays ( appropriately enough ) david lee is accurately evil as the second in command skinhead who also makes extra money performing oral sex on other men ( an irony that seems lost on the other skinheads ) . 

 wilson's character is pure hatred and he brings out this hate perfectly . 

sadly , actor dave ward , who portrays the character of crew , will not be able to follow up his excellent performance as he was the victim of a vicious act of violence himself at the hands of a fellow actor during an incident of road rage . 

ward showed immense promise and he will be greatly missed . 

note : it is a shame that the filmmakers had to add a disclaimer to the end of the film stating that neither they nor the musicians contributing music for the film condone racism . 

the message about hatred couldn't be spelled out any more clearly than it is here , but there are those who would probably find this film much more akin to a training video than a condemnation . 

there are no "" winners "" at the end of this film either . 

no character gets his or her comeuppance and the ending leaves us almost right where we began . 

where american history x had redemption for most of its characters , no such victories are in store for pariah's band of twisted souls . 

it is this bleak ending that carries the film's most powerful message : the message that , despite what you may be able to momentarily do to put your own mind to rest , evil will still be with us ( and in many forms ) and there is very little than can be done to eradicate it entirely . 

"
064BDFD7-4C6A-4592-9BD6-98D1376950C0,"plot : a <node type=""Conventional Metaphor"">bunch</node> of bad guys dressed up as elvis impersonators rob a vegas casino during a presley convention . 

the boys eventually get together to split the money , but as plans change , double-crosses occur , dealing and wheeling goes down and the crew set up for the road . 

who's on the up and up , who's the real bad guy and who's gonna get to bang courteney cox are just a few of the questions which will be answered by the rest of this movie . 

critique : the funnest movie that i've seen so far this year ! 

it's got style , it's got tough guys talkin' <node type=""Conventional Metaphor"">shite</node> and it's got <node type=""Creative Use of Metaphor"">plenty of bullets to go around</node> . 

a definite hunk-a-hunk-a burnin' adventure ! 

a guy's guy movie through and through , and one that'll <node type=""Conventional Metaphor"">set your jollies to high</node> if you <node type=""Conventional Metaphor"">dig on</node> the rough stuff . 

it's not very original , it goes on for a little too long , but costner and russell make it happen , as two <node type=""Conventional Metaphor"">shite-kickin'</node> elvis lovers , who don't stop till they , more or less , drop . 

this movie's got some pretty intensive shoot-out scenes , one of the coolest robbery scenarios that i've ever witnessed , featuring several elvises with guns a blazin' and the king's music playing in the background , and a decent <node type=""Conventional Metaphor"">helping</node> of double-crosses , <node type=""Conventional Metaphor"">sharp</node> dialogue and funny moments . 

in fact , even though the cast is <node type=""Conventional Metaphor"">filled</node> with many name actors ( b-actors as they might be for the most part ) , most of them do their bit and succeed well in <node type=""Conventional Metaphor"">passing the torch</node> onto the next victim . 

but the true <node type=""Conventional Metaphor"">glue that holds this film together</node> , other than the spirit of elvis himself , is costner and russell , who play their badass characters to the t . sure , russell's been down this road before , but costner surprised me with his nastiness . 

i guess he's pissed at all the box-office <node type=""Conventional Metaphor"">bombs</node> that he's been in of late , but he sure played a great <node type=""Conventional Metaphor"">unstable</node> elvis impersonating robber here . 

in the end , the <node type=""Conventional Metaphor"">bottom line</node> with this movie is having fun , kickin' ass and making sure there's enough bubblegum around to chew afterwards . 

and smoke 'em if you got 'em , folks ! 

there is also this one really great show-down scene between costner and a cop , that'll have you crackin' up and lovin' it all at the same time . 

the violent scenes in this movie are violent and the entire film is <node type=""Conventional Metaphor"">wrapped in</node> a soundtrack that'll <node type=""Creative Use of Metaphor"">kick your arse from this end of the theatre to the next</node> . 

it should actually come to no surprise to anyone that the director of this movie comes from a music video background , with plenty , and i mean plenty , of camera tricks , cuts and edits , but for this kind of flick , it actually works . 

the film is not perfect though , it starts off with a pretty big bang , but then pulls a way of the gun on us , and <node type=""Conventional Metaphor"">slows the pace down</node> somewhat in the middle , while characters intermingle and disperse . 

i was personally kept in the game despite some <node type=""Conventional Metaphor"">soft spots</node> , and enjoyed the overall <node type=""Conventional Metaphor"">ride</node> for what it was as well . 

and did i mention that courteney cox looked mega-<node type=""Conventional Metaphor"">hot</node> in the movie ? 

no . . . okay , 

well i just did ! 

i coulda done without her whole "" romance "" <node type=""Conventional Metaphor"">angle</node> , but to be honest , it doesn't take up much of the film , which is generally <node type=""Conventional Metaphor"">covered in</node> blood , explosions , guts and elvis <node type=""Conventional Metaphor"">nods</node> . 

try to see how many "" inside "" connections to the king you can guess . 

of course , it's no secret that i am quite a big elvis fan myself so please take this whole review with that <node type=""Conventional Metaphor"">grain of salt</node> in mind . 

i also like these types of "" guy "" movies a lot , and even though the film doesn't bring much originality <node type=""Conventional Metaphor"">to the table</node> , it does offer a pretty coherent story , some nice <node type=""Conventional Metaphor"">twists and turns</node> , humor and a <node type=""Creative Use of Metaphor"">big ol' helping of</node> <node type=""Conventional Metaphor"">whoop-ass</node> <node type=""Creative Use of Metaphor"">coming straight from costner and russell's respective boots</node> . 

probably not a film for everyone , but definitely for those who enjoy the guns , the charismatic bad guys and a fun , if entirely <node type=""Conventional Metaphor"">disposable</node> , adventure . 

now see how many elvis songs i've used to pun my way through this phony review below . 

the elvis songs also recommend this movie ! 

<node type=""Creative Use of Metaphor"">so whether you're lonesome tonight or any other night , remember to pack the teddy bear with bullets , leave your little sister at home , bring your bossa nova baby and rock out of that jailhouse , cause this movie ain't one to return to the sender . 

i really beg of you , whether you're stuck in the ghetto or crying in the chapel , to slap this cinematic ring around your neck and love it tender . 

and no suspicious minds either , folks , cause i got stung by this movie , i mean it really shook me up , and unless you're the devil in disguise himself , i think you won't be able to help falling in love with this lucky charm either . 

so don't be cruel , don't turn away , don't curl up with your latest flame tonite ( whether she be a hard-headed woman or not ) and surrender to the hound dog of movies that is this film . 

it's now or never , folks . 

trust me , i did it my way and the heartbreak hotel of crappy movies that i'd seen so far this year is far behind me</node> . 

joblo has now officially left the sanity of his mind and this building . 

thank you . . . thank 

you very much ! ! 

where's joblo coming from ? 

get carter ( 7/10 ) - heat ( 8/10 ) - honeymoon in vegas ( 9/10 ) - payback ( 8/10 ) - reindeer games ( 5/10 ) -reservoir dogs ( 9/10 ) - way of the gun ( 6/10 ) 

","plot : a <Metaphor> bunch </Metaphor> of bad guys dressed up as elvis impersonators rob a vegas casino during a presley convention . 

the boys eventually get together to split the money , but as plans change , double-crosses occur , dealing and wheeling goes down and the crew set up for the road . 

who's on the up and up , who's the real bad guy and who's gonna get to bang courteney cox are just a few of the questions which will be answered by the rest of this movie . 

critique : the funnest movie that i've seen so far this year ! 

it's got style , it's got tough guys talkin' <Metaphor> shite </Metaphor> and it's got <Metaphor> plenty of bullets to go around </Metaphor> . 

a definite hunk-a-hunk-a burnin' adventure ! 

a guy's guy movie through and through , and one that'll <Metaphor> set your jollies to high </Metaphor> if you <Metaphor> dig on </Metaphor> the rough stuff . 

it's not very original , it goes on for a little too long , but costner and russell make it happen , as two <Metaphor> shite-kickin' </Metaphor> elvis lovers , who don't stop till they , more or less , drop . 

this movie's got some pretty intensive shoot-out scenes , one of the coolest robbery scenarios that i've ever witnessed , featuring several elvises with guns a blazin' and the king's music playing in the background , and a decent <Metaphor> helping </Metaphor> of double-crosses , <Metaphor> sharp </Metaphor> dialogue and funny moments . 

in fact , even though the cast is <Metaphor> filled </Metaphor> with many name actors ( b-actors as they might be for the most part ) , most of them do their bit and succeed well in <Metaphor> passing the torch </Metaphor> onto the next victim . 

but the true <Metaphor> glue that holds this film together </Metaphor> , other than the spirit of elvis himself , is costner and russell , who play their badass characters to the t . sure , russell's been down this road before , but costner surprised me with his nastiness . 

i guess he's pissed at all the box-office <Metaphor> bombs </Metaphor> that he's been in of late , but he sure played a great <Metaphor> unstable </Metaphor> elvis impersonating robber here . 

in the end , the <Metaphor> bottom line </Metaphor> with this movie is having fun , kickin' ass and making sure there's enough bubblegum around to chew afterwards . 

and smoke 'em if you got 'em , folks ! 

there is also this one really great show-down scene between costner and a cop , that'll have you crackin' up and lovin' it all at the same time . 

the violent scenes in this movie are violent and the entire film is <Metaphor> wrapped in </Metaphor> a soundtrack that'll <Metaphor> kick your arse from this end of the theatre to the next </Metaphor> . 

it should actually come to no surprise to anyone that the director of this movie comes from a music video background , with plenty , and i mean plenty , of camera tricks , cuts and edits , but for this kind of flick , it actually works . 

the film is not perfect though , it starts off with a pretty big bang , but then pulls a way of the gun on us , and <Metaphor> slows the pace down </Metaphor> somewhat in the middle , while characters intermingle and disperse . 

i was personally kept in the game despite some <Metaphor> soft spots </Metaphor> , and enjoyed the overall <Metaphor> ride </Metaphor> for what it was as well . 

and did i mention that courteney cox looked mega- <Metaphor> hot </Metaphor> in the movie ? 

no . . . okay , 

well i just did ! 

i coulda done without her whole "" romance "" <Metaphor> angle </Metaphor> , but to be honest , it doesn't take up much of the film , which is generally <Metaphor> covered in </Metaphor> blood , explosions , guts and elvis <Metaphor> nods </Metaphor> . 

try to see how many "" inside "" connections to the king you can guess . 

of course , it's no secret that i am quite a big elvis fan myself so please take this whole review with that <Metaphor> grain of salt </Metaphor> in mind . 

i also like these types of "" guy "" movies a lot , and even though the film doesn't bring much originality <Metaphor> to the table </Metaphor> , it does offer a pretty coherent story , some nice <Metaphor> twists and turns </Metaphor> , humor and a <Metaphor> big ol' helping of </Metaphor> <Metaphor> whoop-ass </Metaphor> <Metaphor> coming straight from costner and russell's respective boots </Metaphor> . 

probably not a film for everyone , but definitely for those who enjoy the guns , the charismatic bad guys and a fun , if entirely <Metaphor> disposable </Metaphor> , adventure . 

now see how many elvis songs i've used to pun my way through this phony review below . 

the elvis songs also recommend this movie ! 

 <Metaphor> so whether you're lonesome tonight or any other night , remember to pack the teddy bear with bullets , leave your little sister at home , bring your bossa nova baby and rock out of that jailhouse , cause this movie ain't one to return to the sender . 

i really beg of you , whether you're stuck in the ghetto or crying in the chapel , to slap this cinematic ring around your neck and love it tender . 

and no suspicious minds either , folks , cause i got stung by this movie , i mean it really shook me up , and unless you're the devil in disguise himself , i think you won't be able to help falling in love with this lucky charm either . 

so don't be cruel , don't turn away , don't curl up with your latest flame tonite ( whether she be a hard-headed woman or not ) and surrender to the hound dog of movies that is this film . 

it's now or never , folks . 

trust me , i did it my way and the heartbreak hotel of crappy movies that i'd seen so far this year is far behind me </Metaphor> . 

joblo has now officially left the sanity of his mind and this building . 

thank you . . . thank 

you very much ! ! 

where's joblo coming from ? 

get carter ( 7/10 ) - heat ( 8/10 ) - honeymoon in vegas ( 9/10 ) - payback ( 8/10 ) - reindeer games ( 5/10 ) -reservoir dogs ( 9/10 ) - way of the gun ( 6/10 ) 

","plot : a bunch of bad guys dressed up as elvis impersonators rob a vegas casino during a presley convention . 

the boys eventually get together to split the money , but as plans change , double-crosses occur , dealing and wheeling goes down and the crew set up for the road . 

who's on the up and up , who's the real bad guy and who's gonna get to bang courteney cox are just a few of the questions which will be answered by the rest of this movie . 

critique : the funnest movie that i've seen so far this year ! 

it's got style , it's got tough guys talkin' shite and it's got plenty of bullets to go around . 

a definite hunk-a-hunk-a burnin' adventure ! 

a guy's guy movie through and through , and one that'll set your jollies to high if you dig on the rough stuff . 

it's not very original , it goes on for a little too long , but costner and russell make it happen , as two shite-kickin' elvis lovers , who don't stop till they , more or less , drop . 

this movie's got some pretty intensive shoot-out scenes , one of the coolest robbery scenarios that i've ever witnessed , featuring several elvises with guns a blazin' and the king's music playing in the background , and a decent helping of double-crosses , sharp dialogue and funny moments . 

in fact , even though the cast is filled with many name actors ( b-actors as they might be for the most part ) , most of them do their bit and succeed well in passing the torch onto the next victim . 

but the true glue that holds this film together , other than the spirit of elvis himself , is costner and russell , who play their badass characters to the t . sure , russell's been down this road before , but costner surprised me with his nastiness . 

i guess he's pissed at all the box-office bombs that he's been in of late , but he sure played a great unstable elvis impersonating robber here . 

in the end , the bottom line with this movie is having fun , kickin' ass and making sure there's enough bubblegum around to chew afterwards . 

and smoke 'em if you got 'em , folks ! 

there is also this one really great show-down scene between costner and a cop , that'll have you crackin' up and lovin' it all at the same time . 

the violent scenes in this movie are violent and the entire film is wrapped in a soundtrack that'll kick your arse from this end of the theatre to the next . 

it should actually come to no surprise to anyone that the director of this movie comes from a music video background , with plenty , and i mean plenty , of camera tricks , cuts and edits , but for this kind of flick , it actually works . 

the film is not perfect though , it starts off with a pretty big bang , but then pulls a way of the gun on us , and slows the pace down somewhat in the middle , while characters intermingle and disperse . 

i was personally kept in the game despite some soft spots , and enjoyed the overall ride for what it was as well . 

and did i mention that courteney cox looked mega- hot in the movie ? 

no . . . okay , 

well i just did ! 

i coulda done without her whole "" romance "" angle , but to be honest , it doesn't take up much of the film , which is generally covered in blood , explosions , guts and elvis nods . 

try to see how many "" inside "" connections to the king you can guess . 

of course , it's no secret that i am quite a big elvis fan myself so please take this whole review with that grain of salt in mind . 

i also like these types of "" guy "" movies a lot , and even though the film doesn't bring much originality to the table , it does offer a pretty coherent story , some nice twists and turns , humor and a big ol' helping of whoop-ass coming straight from costner and russell's respective boots . 

probably not a film for everyone , but definitely for those who enjoy the guns , the charismatic bad guys and a fun , if entirely disposable , adventure . 

now see how many elvis songs i've used to pun my way through this phony review below . 

the elvis songs also recommend this movie ! 

 so whether you're lonesome tonight or any other night , remember to pack the teddy bear with bullets , leave your little sister at home , bring your bossa nova baby and rock out of that jailhouse , cause this movie ain't one to return to the sender . 

i really beg of you , whether you're stuck in the ghetto or crying in the chapel , to slap this cinematic ring around your neck and love it tender . 

and no suspicious minds either , folks , cause i got stung by this movie , i mean it really shook me up , and unless you're the devil in disguise himself , i think you won't be able to help falling in love with this lucky charm either . 

so don't be cruel , don't turn away , don't curl up with your latest flame tonite ( whether she be a hard-headed woman or not ) and surrender to the hound dog of movies that is this film . 

it's now or never , folks . 

trust me , i did it my way and the heartbreak hotel of crappy movies that i'd seen so far this year is far behind me . 

joblo has now officially left the sanity of his mind and this building . 

thank you . . . thank 

you very much ! ! 

where's joblo coming from ? 

get carter ( 7/10 ) - heat ( 8/10 ) - honeymoon in vegas ( 9/10 ) - payback ( 8/10 ) - reindeer games ( 5/10 ) -reservoir dogs ( 9/10 ) - way of the gun ( 6/10 ) 

"